query_id,original_query,optimized_query,final_response
4,Business Expense - Car Insurance Deductible For Accident That Occurred During a Business Trip,Car insurance deductible for business trip accident claim?,"When filing a car insurance claim after an accident that occurred during a business trip, the process can be similar to any other personal injury or property damage claims. However, there are specific considerations you should keep in mind:

1. **Policy Review**: Firstly, review your auto insurance policy carefully as it will dictate how deductibles apply and whether additional coverage is needed for business use (like a commercial auto insurance endorsement). Some policies may have different terms when used for business purposes compared to personal driving. 

2. **Deductible**: The standard car insurance policy typically has the same deductible that applies in non-business situations, but if your vehicle is primarily or exclusively used for work and you don't already have commercial auto coverage, this might not be sufficient to cover all damages without out-of-pocket expenses.

3. **Claim Filing**: Report the accident as soon as possible by contacting your insurance company with details of what happened. They will guide you through their specific claim process for business use and inform you about any deductible that applies to this situation, which might differ from personal claims if commercial coverage is in place or required due to policy terms related to the vehicle's primary usage.

4. **Documentation**: Provide all necessary documentation such as photos of damage, police reports (if applicable), witness statements, and any other relevant information that supports your claim for damages sustained during the business trip accident. 

5. **Commercial Coverage Considerations**: If you have commercial auto insurance or a policy specifically designed to cover vehicles used primarily in business operations, ensure it is activated before using the vehicle and understand how deductibles apply within this context as well since they might be different from personal policies (e.g., lower for certain types of coverage).

6. **Legal Advice**: If there's a dispute over liability or if you feel your claim is not being fairly handled, consider seeking legal advice to understand how the deductible and other aspects may affect your case in this context. 

Remember that insurance laws can vary by state, so it’s important to consult with an expert familiar with local regulations regarding business use of vehicles for accurate guidance on handling a claim involving car accidents during work-related travel."
5,Starting a new online business,Starting a new online business,"To start an online business, follow these steps:

1. **Market Research**: Conduct thorough market research to understand your target audience and competition. Identify gaps in the market that you can fill with your product or service.

2. **Business Plan**: Develop a comprehensive business plan outlining your value proposition, revenue streams, cost structure, market analysis, and growth strategies. This will serve as a roadmap for your venture.

3. **Legal Structure**: Choose an appropriate legal entity (e.g., sole proprietorship, partnership, LLC) that suits the nature of your business to protect personal assets and liability insurance if necessary.

4. **Domain Name & Website Development**: Secure a catchy domain name relevant to your brand or product and build an intuitive website with user-friendly navigation using platforms like Shopify, Wix, or WordPress. Ensure the site is mobile-responsive as well.

5. **E-commerce Platform Setup**: If selling products online, set up a secure e-commerce platform and integrate payment gateways such as PayPal, Stripe, or Square to facilitate transactions. Consider offering multiple payment options for customer convenience.

6. **Digital Marketing Strategy**: Develop an SEO (Search Engine Optimization) strategy to improve your website's visibility on search engines like Google and Bing. Utilize social media platforms such as Facebook, Instagram, Twitter, LinkedIn, etc., to promote your brand and products through engaging content marketing strategies.

7. **Content Creation**: Create high-quality blog posts or videos relevant to your niche that provide value for customers while subtly promoting your business's unique selling proposition (USP). This will help establish credibility, authority, and trust with potential buyers.

8. **Email Marketing Campaign**: Build an email list by offering valuable content or incentives to subscribers who opt-in for newsletters/updates about your business's latest products, services, promotions etc., using tools like Mailchimp or Constant Contact. Send regular personalized emails with engaging subject lines and compelling CTA (Call To Action) buttons that drive conversions.

9. **Customer Service**: Provide excellent customer service by promptly responding to queries/complaints via email, phone calls, live chat on your website or social media platforms using tools like Zendesk or Freshdesk for managing support tickets efficiently and effectively. Offer multiple channels of communication (e.g., telephone number, Skype instant messenger) along with FAQs/knowledge base articles to help customers find answers quickly without needing direct assistance from your team every time they have a question or concern about the product(s).

10. **Performance Monitoring**: Use analytics tools like Google Analytics, Mixpanel, KISSmetrics etc., to track website traffic sources and customer behavior patterns on-site (e.g., bounce rate), which will help you optimize your marketing campaigns accordingly for better results in the future.

11. **Continuous Improvement**: Regularly review performance metrics, gather feedback from customers via surveys or reviews sections and make necessary adjustments to improve products/services based on customer needs & preferences while staying updated with industry trends through attending webinars, conferences etc., for continuous improvement of your business.

Remember that starting an online business requires dedication, hard work, patience, persistence, and resilience in the face of challenges along the way but can be highly rewarding if done right with proper planning & execution!"
6,“Business day” and “due date” for bills,"""Bill due dates on business days.""","To ensure that bills are paid by their due date, especially when they fall on a weekend or holiday (non-business day), it's important to have an understanding of the company’thoroughly established policy. Here is how you can manage this:

1. **Understand Your Company Policy** - Familiarize yourself with your organization's bill payment policies, which may include automatic payments or specific instructions for handling bills on non-business days. 

2. **Know the Due Dates and Holidays** - Be aware of when each bill is due and any public holidays that might affect these dates in your region (e.g., Christmas, New Year's Day). This will help you plan ahead to avoid late payments on business days following non-business days or weekends.

3. **Set Reminders** - Use digital calendars and reminder systems that can alert you well in advance of a due date falling on the next available business day after a holiday, ensuring there is ample time to process payments without rush. 

4. **Automate Payments When Possible** - If your company policy allows for it, set up automatic bill payments that can be scheduled around non-business days and weekends so the bills are paid on or before their due dates regardless of when they fall in relation to business days.

5. **Communicate with Service Providers** - In cases where you cannot automate payment, communicate directly with your service providers about upcoming holidays that might affect bill payments and ask for any necessary extensions if needed or understand their policy on late fees during such times. 

6. **Review Payment Records Regularly** - Keep a record of all bills paid to ensure no oversights occur, especially when dealing with non-business days that might complicate the payment process due dates for business reasons."
